review_id,user_id,product_id,rating,comment,review_date
1,99,43,1,"Reliable start and long-lasting, though it can be expensive to replace. ",2024-07-29
2,73,19,4,"Insightful and well-written, though it can be a bit lengthy. ",2024-03-08
3,5,20,1,"Imaginative and entertaining, but some plots are overly complex. ",2024-07-31
4,24,16,4,"Engaging story with well-developed characters, though the pacing is slow in parts. ",2024-04-06
5,78,7,2,"Stylish and flattering, though the sizing can be inconsistent. ",2024-02-07
6,41,4,2,"Excellent sound quality and noise cancellation, though they can be a bit bulky. ",2024-06-26
7,79,26,5,"Solid and durable, though they take up a lot of space. ",2024-05-18
8,29,37,3,"Well-made and charming, though the clothing can be hard to put on. ",2024-07-23
9,82,36,3,"Durable and fun for kids, though the wheels can be a bit stiff. ",2024-01-15
10,73,32,1,"Perfect for baking with consistent results, but it can be prone to clumping ",2024-07-02
11,14,10,1,"Fits well and looks great, though they shrink slightly after washing. ",2024-02-29
12,64,4,4,"Excellent sound quality and noise cancellation, though they can be a bit bulky. ",2024-05-06
13,19,24,5,"Insightful and well-written, though it can be a bit lengthy. ",2024-06-03
14,43,1,4,"Great performance with a sleek design, but the battery life could be better. ",2024-07-07
15,96,28,5,"Comfortable and grippy, though it shows wear after heavy use. ",2024-01-05
16,10,6,3,"Comfortable and well-fitting, but the color fades after a few washes. ",2024-03-03
17,31,19,3,"Insightful and well-written, though it can be a bit lengthy. ",2024-03-04
18,45,43,5,"Reliable start and long-lasting, though it can be expensive to replace. ",2024-03-27
19,41,41,4,"Reliable and provides good traction, though they can wear out quickly. ",2024-06-01
20,22,39,1,"Safe and sturdy for infants, though assembly can be challenging. ",2024-03-16
21,82,31,5,"High-quality and cooks evenly, though it can be a bit expensive. ",2024-03-25
22,12,13,5,"Spacious and keeps food fresh, but the freezer section is small. ",2024-01-08
23,91,7,5,"Stylish and flattering, though the sizing can be inconsistent. ",2024-01-24
24,86,2,4,"Powerful and reliable, though it runs a bit hot during intensive tasks. ",2024-01-28
25,82,14,1,"Heats food evenly and quickly, but the turntable is a bit flimsy. ",2024-04-29
26,94,11,4,"Effective at cooling the room quickly, but it's a bit noisy. ",2024-04-14
27,43,41,2,"Reliable and provides good traction, though they can wear out quickly. ",2024-04-02
28,58,19,2,"Insightful and well-written, though it can be a bit lengthy. ",2024-04-02
29,2,6,5,"Comfortable and well-fitting, but the color fades after a few washes. ",2024-06-21
30,34,31,5,"High-quality and cooks evenly, though it can be a bit expensive. ",2024-01-31
31,27,8,5,"Comfortable for everyday wear, but they scuff easily. ",2024-02-13
32,32,20,1,"Imaginative and entertaining, but some plots are overly complex. ",2024-04-25
33,89,26,1,"Solid and durable, though they take up a lot of space. ",2024-04-26
34,9,31,5,"High-quality and cooks evenly, though it can be a bit expensive. ",2024-04-06
35,45,32,1,"Perfect for baking with consistent results, but it can be prone to clumping ",2024-05-10
36,33,43,3,"Reliable start and long-lasting, though it can be expensive to replace. ",2024-02-05
37,14,17,5,"Comprehensive and informative, but the layout could be more user-friendly. ",2024-02-25
38,93,6,3,"Comfortable and well-fitting, but the color fades after a few washes. ",2024-03-16
39,1,42,4,"Keeps the engine running smoothly, though it can be a bit messy to change. ",2024-06-08
40,7,35,3,"Great for cooking with a neutral flavor, though it has a strong smell initially. ",2024-07-25
41,50,25,4,"Dries hair quickly and efficiently, but it gets hot to the touch. ",2024-07-13
42,57,12,4,"Cleans clothes thoroughly and is easy to use, though it's a bit noisy. ",2024-03-19
43,94,24,5,"Reliable start and long-lasting, though it can be expensive to replace. ",2024-02-23
44,54,25,5,"Dries hair quickly and efficiently, but it gets hot to the touch. ",2024-01-25
45,22,24,4,"Lovely fragrance that lasts all day, but the scent might be too strong for some. ",2024-07-03
46,53,12,1,"Cleans clothes thoroughly and is easy to use, though it's a bit noisy. ",2024-06-07
47,64,29,2,"Effective for muscle recovery and has a good taste, but it can be a bit gritty. ",2024-07-21
48,49,3,3,"Convenient for tracking fitness and notifications, but the battery life is short. ",2024-03-16
49,45,17,4,"Comprehensive and informative, but the layout could be more user-friendly. ",2024-02-01
50,70,29,2,"Effective for muscle recovery and has a good taste, but it can be a bit gritty. ",2024-02-01
51,49,30,5,"Smooth and adjustable for a good workout, though it takes up a lot of space. ",2024-04-14
52,13,17,5,"Comprehensive and informative, but the layout could be more user-friendly. ",2024-07-28
53,62,15,4,"Powerful suction and easy to maneuver, though it's a bit heavy. ",2024-07-17
54,74,18,1,"Fun and visually appealing, but some storylines are a bit predictable. ",2024-07-07
55,84,37,4,"Well-made and charming, though the clothing can be hard to put on. ",2024-01-10
56,98,4,3,"Excellent sound quality and noise cancellation, though they can be a bit bulky. ",2024-06-17
57,88,10,2,"Fits well and looks great, though they shrink slightly after washing. ",2024-03-04
58,29,49,1,"Provides a good night's sleep with supportive comfort, but the frame can squeak. ",2024-02-09
59,21,45,4,"Effective at cleaning car interiors, though it can be a bit noisy. ",2024-03-19
60,58,43,3,"Reliable start and long-lasting, though it can be expensive to replace. ",2024-05-06
61,10,7,3,"Stylish and flattering, though the sizing can be inconsistent. ",2024-07-25
62,5,6,1,"Comfortable and well-fitting, but the color fades after a few washes. ",2024-04-19
63,38,43,3,"Reliable start and long-lasting, though it can be expensive to replace. ",2024-07-01
64,3,23,3,"Long-lasting color with a smooth application, but it can be a bit drying. ",2024-07-29
65,41,35,3,"Great for cooking with a neutral flavor, though it has a strong smell initially. ",2024-02-16
66,34,27,3,"Provides a great workout with various settings, but it's quite noisy. ",2024-05-28
67,14,49,4,"Provides a good night's sleep with supportive comfort, but the frame can squeak. ",2024-02-29
68,10,38,1,"Encourages creativity and is well-made, but pieces can be hard to snap together. ",2024-04-17
69,44,15,2,"Powerful suction and easy to maneuver, though it's a bit heavy. ",2024-03-09
70,22,36,2,"Durable and fun for kids, though the wheels can be a bit stiff. ",2024-04-30
71,49,4,3,"Excellent sound quality and noise cancellation, though they can be a bit bulky. ",2024-06-21
72,21,25,4,"Dries hair quickly and efficiently, but it gets hot to the touch. ",2024-06-12
73,94,34,3,"Fresh and flavorful, but the containers can be difficult to open. ",2024-05-31
74,10,27,3,"Provides a great workout with various settings, but it's quite noisy. ",2024-06-15
75,71,35,4,"Great for cooking with a neutral flavor, though it has a strong smell initially. ",2024-02-19
76,12,44,5,"Comfortable and provides good protection, but it can be a bit bulky. ",2024-01-04
77,44,31,1,"High-quality and cooks evenly, though it can be a bit expensive. ",2024-04-21
78,77,37,2,"Well-made and charming, though the clothing can be hard to put on. ",2024-02-24
79,79,16,4,"Engaging story with well-developed characters, though the pacing is slow in parts. ",2024-04-30
80,62,31,2,"High-quality and cooks evenly, though it can be a bit expensive. ",2024-07-03
81,91,20,4,"Imaginative and entertaining, but some plots are overly complex. ",2024-07-03
82,4,6,4,"Comfortable and well-fitting, but the color fades after a few washes. ",2024-02-26
83,56,26,5,"Solid and durable, though they take up a lot of space. ",2024-08-02
84,84,46,3,"Comfortable and stylish, though it can be a bit firm initially. ",2024-02-19
85,22,3,1,"Convenient for tracking fitness and notifications, but the battery life is short. ",2024-03-29
86,78,33,5,"Nutritious and versatile, though they take a long time to cook. ",2024-06-29
87,56,37,2,"Well-made and charming, though the clothing can be hard to put on. ",2024-01-22
88,21,34,1,"Fresh and flavorful, but the containers can be difficult to open. ",2024-04-18
89,7,37,3,"Well-made and charming, though the clothing can be hard to put on. ",2024-05-27
90,13,44,5,"Comfortable and provides good protection, but it can be a bit bulky. ",2024-04-07
91,43,40,4,"Reliable start and long-lasting, though it can be expensive to replace. ",2024-01-14
92,27,10,2,"Fits well and looks great, though they shrink slightly after washing. ",2024-05-02
93,25,8,5,"Comfortable for everyday wear, but they scuff easily. ",2024-06-18
94,53,49,5,"Provides a good night's sleep with supportive comfort, but the frame can squeak. ",2024-05-31
95,90,29,1,"Effective for muscle recovery and has a good taste, but it can be a bit gritty. ",2024-06-09
96,71,12,2,"Cleans clothes thoroughly and is easy to use, though it's a bit noisy. ",2024-03-25
97,93,11,2,"Effective at cooling the room quickly, but it's a bit noisy. ",2024-02-11
98,94,14,2,"Heats food evenly and quickly, but the turntable is a bit flimsy. ",2024-02-21
99,70,13,1,"Spacious and keeps food fresh, but the freezer section is small. ",2024-01-20
100,34,9,2,"Fresh and flavorful, but the containers can be difficult to open. ",2024-01-06
