user_id,username,email,password,first_name,last_name,address,phone_number
1,mamooty17,devansh14@khanna-gala.com,(x+5tYgo!B,Amani,Solanki,"H.No. 45, Jain Zila, Mira-Bhayandar-461834",+915884428352
2,stuvantara,vkhalsa@sha.com,NYVxs8Gb$q,Priyansh,Banik,"38/060, Baral, Hapur 490524",03126562653
3,hrishita94,mamootyraja@yahoo.com,(0xFVikdJU,Sahil,Magar,"H.No. 050, Char Street, Hindupur-488323",4289873398
4,jivin46,abaral@swaminathan.com,6_m0MUOmxP,Rasha,Batra,"H.No. 773, Barad Circle, Thoothukudi-650008",0221132450
5,adash,aarav17@lala-rajagopal.net,a^4TPgQ*qA,Rasha,Bumb,"740, Yadav Marg, Vellore 700715",4073578326
6,bkapoor,cheriansumer@das.com,jzeWXO$M(5,Ivana,Bhat,"H.No. 991, Soman, Firozabad 523490",+917847339222
7,birhrishita,samiha83@hotmail.com,_4qI1Gvcbv,Arnav,Rama,"H.No. 104, Deshmukh Street, Naihati-585014",+915246609945
8,rgola,isood@gmail.com,#9II0r_9)7,Arnav,Sastry,"59, Barman Road, Ballia 997566",5056536572
9,dasguptaneysa,vivaan21@yahoo.com,(%W8Dc3uk0,Pihu,Warrior,"05/606, Gulati Zila, Kalyan-Dombivli 332419",4653091950
10,siyengar,aniruddh81@gour.com,(4Kmk^NWxn,Madhup,Tak,"60, Randhawa, Satna 916783",06139146925
11,sahilvala,kuppal@kata.com,mV&9lD+c@i,Armaan,Jain,"83/93, Thakkar Chowk, Thiruvananthapuram-349986",+915850023705
12,armaan19,amira64@sheth.biz,v*RjLUvW%8,Dhruv,Iyengar,"H.No. 39, Viswanathan Street, Tumkur 091339",+910098548112
13,usangha,nchaudhry@yahoo.com,&g!C3fitT5,Nitara,Bumb,"02/813, Ghose Nagar, Hubli–Dharwad 868311",01761055772
14,charamira,tejas41@dora-singh.org,8)%5Rrj0bG,Mahika,Varghese,"H.No. 247, Dara Zila, Malda-059508",+915017130841
15,ravalyuvraj,vaibhav86@gmail.com,^0#EZ2DV)z,Indranil,Shenoy,"97/16, Johal Chowk, Muzaffarnagar-568382",9686422053
16,divithayre,bhallaveer@yahoo.com,#cagcVmj4#,Gokul,Kapoor,"022, Issac Chowk, Pondicherry 105579",+910897714422
17,charstuvan,iramadan@bahri.net,Ifre2CsYU#,Pari,Sarkar,"713, Chowdhury Zila, Panchkula-313975",2538558365
18,mohanlalbarad,dasguptavihaan@amble.com,5_5FmW)i&h,Farhan,Gour,"88, Rastogi Street, Delhi 117893",01439259878
19,vsagar,diyaarya@bains-mangat.com,)35ArNdxvq,Nitya,Hans,"H.No. 124, Bajwa Nagar, Dharmavaram-695531",+917924000247
20,surtarini,wbuch@hotmail.com,e5oPZnBT*Q,Prerak,Mall,"31, Bawa, Giridih-061117",+913893846414
21,voraprerak,bchowdhury@yahoo.com,znFe&5Pd3+,Vivaan,Som,"H.No. 67, Lalla Circle, Bijapur-535240",+914095846447
22,ymajumdar,dinreyansh@tella.com,)6Fy5nwq&J,Yuvraj ,Soman,"H.No. 095, Garde Nagar, Pudukkottai-469605",8298514369
23,rhea19,jayant25@yahoo.com,$%wyQxj5i7,Faiyaz,Chakraborty,"054, Rajagopalan Ganj, Phagwara-218855",+910858517860
24,kotamadhup,kalazaina@dhillon.com,+FC0A&5hPO,Priyansh,Bumb,"138, Chakraborty Marg, Salem 092861",8026457312
25,ojaskota,yadavlagan@wali.net,_(3jE06e#J,Eshani,Gokhale,"491, Sampath Road, Bettiah 173976",06056348510
26,vivaanandra,ryansinghal@tak.com,5Q5tIxVl(S,Stuvan,Talwar,"26/06, Bhargava Road, Buxar 129007",+917734573589
27,tanyahanda,ritviksarna@yahoo.com,P7GKmu(q!p,Parinaaz,Yohannan,"H.No. 35, Karnik Nagar, Panihati 830388",+911862692781
28,mishashanker,zaragoyal@dube.com,1*sm4LyvCb,Vanya,Tella,"H.No. 226, Borde Circle, Malegaon-012589",02499721620
29,arhaanagrawal,sanghaaaina@ravel.org,$FqUZE^c22,Neelofar,Kala,"04, Cherian Marg, Uluberia-816736",+918758749118
30,kabirdugar,nbhatia@hotmail.com,+e8i7EweVM,Ahana ,Gokhale,"H.No. 07, Ratta Chowk, Kishanganj-834459",+911220445153
31,rbhardwaj,vritikaramaswamy@yahoo.com,$iB76Fak^8,Nirvaan,Shankar,"49, Shah Circle, Bhagalpur-113729",07972213636
32,cbaral,hvarghese@suresh.biz,8(g9W3B0_e,Ivan,Gola,"92/87, Keer Path, Jalandhar-392673",+918493440295
33,cswamy,gollaazad@borde.com,@2KkZSPmI+,Arnav,Kalita,"605, Chandran Chowk, Kota 072427",+914596534340
34,wkar,indranschowdhury@sheth.com,6dwIB@Oh+h,Ritvik,Acharya,"H.No. 817, Sani Zila, Meerut-948182",0503403201
35,aayush03,agera@hotmail.com,(4V^LaxSuj,Hunar,Chaudhari,"44, D’Alia Marg, Sasaram 143420",09570874452
36,wasontrisha,lankadharmajan@yahoo.com,!(YKg7@Qn1,Miraya,Mani,"34/28, Hayer Marg, Saharsa-232042",08015377787
37,ssinha,tejas01@hotmail.com,6s3FW%Msw*,Kashvi,Banik,"H.No. 290, Sangha Marg, Bardhaman 457636",09364285742
38,hazel63,anahi08@gmail.com,v+W1WMcnfF,Siya,Biswas,"781, Sule Ganj, Tiruvottiyur-678530",+913915356648
39,umangdin,hegdedrishya@babu.biz,#08KzYbPt(,Anahi,Cheema,"59, Kale Chowk, Anantapuram 713139",08544508409
40,hridaanmannan,shaanbal@yahoo.com,(RE3FOzVRi,Romil,Bail,"H.No. 44, Cherian Circle, Bharatpur-236207",+915481453459
41,saanvisom,kdoctor@thakur.com,z!1Gx!9LXA,Pari,Sodhi,"H.No. 19, Varghese Circle, Sambhal 552512",3088229059
42,chatterjeenishith,virkhimmat@raman-dutt.com,(6Fm(Byi3&,Miraya,Devi,"33, Borah, Ambarnath-635545",+918344962105
43,sonimadhup,wraju@hotmail.com,+gm)2IaxF$,Jivika,Agrawal,"613, Kota Path, Patiala-773594",6072775088
44,bhatnagarfarhan,charvi02@kalita-sachdeva.com,j+*s3AIhuI,Anaya,Sani,"H.No. 782, Ram Street, Sambalpur 918719",05984226749
45,samarchandra,craj@tella-jha.com,#ApO3T0vx),Anay,Srivastava,"76/167, Saini Road, Gaya-508851",+915662525686
46,ahana-sha,jayeshchaudhuri@hotmail.com,9R0J&Vmc9@,Sumer,Dada,"47/489, Goswami Path, Sagar-252028",+912821813698
47,aarna13,faiyaz13@rajagopalan.com,j5OSe4JG#x,Mohanlal,Bir,"12, Mani Ganj, Bongaigaon 633904",1532488126
48,yuvaan61,ihayer@butala.com,f68VAlOa1+,Divit,Badami,"21/271, Chopra Path, Gurgaon-801659",+914522943972
49,vaibhav61,vaggarwal@gmail.com,oR8ScW*nX%,Aayush,Dara,"H.No. 991, Desai Road, Saharanpur 525352",6106966509
50,mammenalisha,manibadal@yahoo.com,g^42QPk!*8,Renee,Sahota,"57/457, Borde Path, Akola-925794",+917546544070
51,lavanya60,mreddy@hotmail.com,n4AbWLl(@u,Tejas,Chacko,"H.No. 033, Reddy Zila, Madhyamgram 701446",7274222378
52,ivan34,borahtushar@hotmail.com,oR9J@#u@*o,Hiran,Sathe,"08, Singhal Nagar, Jodhpur 048270",08225551628
53,armaangokhale,kiarachacko@apte-sharaf.com,T+6bWnRyuy,Devansh,Verma,"412, Bhavsar Path, Hyderabad 438032",+915617801145
54,anaya74,ojas72@yahoo.com,*507CTehI%,Tara,Handa,"42/35, Srinivasan Nagar, Mehsana 636441",07893714218
55,fborah,amani23@gmail.com,%jxi5Fci)I,Aradhya,Tata,"H.No. 68, Gandhi Marg, Phagwara-359368",7790690623
56,xsen,dhillonyasmin@manda.info,!25KQAYnic,Shlok,Kunda,"11/91, Raja Road, Parbhani-666929",+918524478496
57,raushlok,nchoudhury@agarwal.biz,aa^iW!N5!0,Hunar,Balasubramanian,"29/29, Srinivas Path, Indore-380886",4099710879
58,mirayaborra,vohrayuvaan@kapur.info,LjX2QzQwa#,Prerak,Bail,"747, Sankar Ganj, Nagaon-847396",+913739252169
59,suhanakunda,gvora@babu-sidhu.org,j#87Hw#@&a,Zara,Bala,"790, Bava Chowk, Saharsa 559292",2596473821
60,ritvikjha,wallakrish@dugar.com,!8J$$kWds+,Divit,Ratti,"H.No. 520, De, Rajpur Sonarpur 356238",01478874809
61,mviswanathan,mangattara@sule.com,p@7BXfGpuC,Nitara,Wason,"H.No. 381, Mann Chowk, Farrukhabad-295101",2178306430
62,hborde,romilchopra@gmail.com,nH7VBf$y)f,Raghav,Sanghvi,"H.No. 151, Yadav Road, Ahmedabad 143977",00748521931
63,veerbala,rhea81@uppal.com,n5sHdI3$_),Shalv,Srinivasan,"H.No. 591, Agrawal Nagar, Thrissur 201483",06312515789
64,dharmajan64,dsheth@bumb.org,JZ9HVjhY%),Tushar,Kapoor,"080, Kanda Zila, Gandhinagar 172452",+911318682605
65,isuri,annefateh@gmail.com,S5rfIFKa+e,Indranil,Gala,"17/474, Bhandari Zila, Pali 157809",02315538150
66,divijdevan,anahita37@talwar.com,_)0csoMii@,Amira,Raja,"36/761, Balasubramanian Path, Srikakulam 307963",05152433575
67,anika40,orattan@babu-master.com,!0YOZx1rle,Charvi,Chandra,"44/19, Garg Street, Shimoga-318377",8957136000
68,vswaminathan,vaibhavbera@sathe.net,*XSpVWKa3q,Heer,Arya,"61, Mannan Marg, Ambarnath 413323",07991122500
69,fateh10,mishtikata@hotmail.com,ByrN7ZjBR),Tushar,Chanda,"041, Hayer, Guwahati-544128",02084424442
70,bhattacharyyaivan,settykabir@yahoo.com,q6dXEFXk_G,Kashvi,Dewan,"19, Sura Path, Shimla-532696",0304682665
71,veermand,parigrewal@hotmail.com,37CiCfPL#N,Ojas,Ramachandran,"87, Kumar Ganj, Noida-707421",4970307965
72,zachariahsiya,bailjayesh@hotmail.com,3D^7BKUbJ),Kavya,Walia,"13, Bath Road, Adoni 766421",04349648978
73,vihaan89,jgoswami@gade.com,%C@a7CmvwW,Anaya,Golla,"H.No. 19, Badami Nagar, Nagaon 968903",06093823913
74,tiyamander,acharyaadvik@dayal.net,59sNSbpj#9,Vivaan,Shenoy,"H.No. 793, Butala Ganj, Udupi 667356",0253774362
75,prisharaja,olall@yahoo.com,+Z4eZ)Wz6t,Manikya,Deshmukh,"84, Arya Street, Purnia 762942",09444031728
76,mandvardaniya,guptamisha@gmail.com,)kj%4ImRSf,Ehsaan,Dey,"68/24, Venkataraman Marg, Hubli–Dharwad 155766",01104681785
77,tarabanik,prerakbobal@yahoo.com,X_71Zrqdew,Lavanya,Taneja,"H.No. 371, Gole Zila, Ambattur 754066",+914003217398
78,bhavin89,umandal@hotmail.com,W0p+oL*k*3,Piya,Zacharia,"69, Mandal Path, Amroha 598774",+919068550783
79,saksham55,aniruddhgour@yahoo.com,!4LvCoeaB4,Krish,Shan,"15/31, Devi Circle, Tiruchirappalli-704775",2944595850
80,fraval,kmadan@yahoo.com,&(3tB5tcDT,Khushi,Dora,"31/597, Kar Nagar, Sonipat 412130",+911143934319
81,baijuchahal,bhavin95@yahoo.com,w!0VzxsGc0,Aaina,Butala,"12, Shankar Marg, Alwar 654549",08627381308
82,advik74,sahotaranbir@gmail.com,nZKL8r9v_0,Mehul,Chad,"72/156, Sura Road, Amaravati 980048",01353100648
83,sgrover,zedwin@bassi.com,5(3mUJPxmn,Pihu,Mahajan,"888, Karpe Chowk, Berhampore 818876",7941678941
84,datevanya,jivika46@gmail.com,(s30SiOwDt,Shanaya,Cheema,"H.No. 77, Mallick Ganj, Sagar-213640",7427900603
85,lsandhu,zeeshan18@baria.info,*n05M&nKWr,Parinaaz,Dutta,"H.No. 25, Bobal Street, Kurnool 736534",+915077400851
86,sara44,madanromil@golla.org,^kD(Z$Vc(1,Jiya,Savant,"69/63, Chada Path, Ahmedabad-630546",2854673027
87,bandiadah,mkarnik@gmail.com,zP!4cRt!KM,Yuvraj ,Cherian,"21/666, Bhatt Chowk, Bhiwani 495818",03116020155
88,eshani50,taimur06@deol.com,v%3UdCbIH0,Sara,Desai,"H.No. 61, Kaur Chowk, Saharsa 525141",3275254617
89,chaudharytiya,jayanbhattacharyya@agrawal.org,*W6Iwcuy_7,Sana,Mand,"80, Sami Ganj, Vijayanagaram-799198",+917372890787
90,rohandoctor,hanshbava@sant-khosla.com,g9vpYLj!&M,Aayush,Gole,"20/88, Gill Marg, Anand 571775",00525345338
91,jayeshkhalsa,anvidhar@chada.com,+0sRgxC!He,Samaira,Garde,"H.No. 86, Chawla, Rohtak 794208",07980636580
92,yatwal,mangalzara@gmail.com,%7LVdeQYm4,Damini,Sahota,"212, Iyer Street, Bally 424891",02429733132
93,esekhon,ndate@walia.com,af1X(Hvz0+,Neysa,Gera,"87/728, Bala Ganj, Ujjain-035662",06484795975
94,dhanuk28,ranbir99@sridhar.net,)i5Br7PkH$,Nakul,Arora,"34, Jhaveri Nagar, Pimpri-Chinchwad-712575",+914213995433
95,damini44,lsodhi@mall-barad.com,(6x8SBvlKH,Hridaan,Vyas,"H.No. 79, Baral Circle, Shivpuri 101587",+910348996485
96,qganguly,prerak39@hotmail.com,nJuX0Mxs@k,Veer,Chakraborty,"39/703, Dasgupta Zila, Yamunanagar 767294",8318715649
97,ela98,jchada@sen-dada.com,!05F@@dcXS,Yuvaan,Lall,"17/810, Khosla Chowk, Bally 960474",7414210633
98,vapte,anayarandhawa@yahoo.com,*$6yydV2bb,Shalv,Bala,"122, Bal, Ludhiana 363231",3136850922
99,nirvaanbarman,armaanbrar@dutt.com,VvTp6IJf@4,Kaira,Yohannan,"89, Sathe Circle, Sangli-Miraj & Kupwad-886502",+911447175296
100,dmagar,anikaghosh@gmail.com,7#V8eFrxmU,Biju,Venkatesh,"09/750, Cheema Marg, Pondicherry-609155",7575988329
